"TITLE"; "LOCATION"; "TYPE"; "URL"; "SALARY"
"Senior Associate, Client Services,  Lannick Technology"; "Toronto"; ""; "http://jobs.lannickgroup.com//jobs/Senior-Associate-Client-Services-Lannick-Technology-14514"; ""
"Sales and Business Development Associate"; "Toronto"; ""; "http://jobs.lannickgroup.com//jobs/Sales-and-Business-Development-Associate-14516"; ""
"Accounts Payable Administrator - 15028"; "Toronto"; ""; "http://jobs.lannickgroup.com//jobs/Accounts-Payable-Administrator-15028"; ""
"Financial Analyst - 15029"; "Toronto"; ""; "http://jobs.lannickgroup.com//jobs/Financial-Analyst-15029"; "$57,000.00/yr"
"General Accountant - 15030"; "Toronto"; ""; "http://jobs.lannickgroup.com//jobs/General-Accountant-15030"; "$50,000.00/yr"
"Sales and Business Development,  Senior Associate - Lannick Finance and Accounting"; "Toronto"; ""; "http://jobs.lannickgroup.com//jobs/Sales-and-Business-Development-Senior-Associate-Lannick-Finance-and-Accounting-17846"; ""
"Senior Associate, Recruitment Services,  Lannick Finance & Accounting"; "Toronto"; ""; "http://jobs.lannickgroup.com//jobs/Senior-Associate-Recruitment-Services-Lannick-Finance-Accounting-17847"; ""
"Intake Recruiter, Recruitment Services"; "Toronto"; ""; "http://jobs.lannickgroup.com//jobs/Intake-Recruiter-Recruitment-Services-18071"; ""
"Financial Analyst - 3 Month Contract - 19691"; "Toronto"; ""; "http://jobs.lannickgroup.com//jobs/Financial-Analyst-Month-Contract-19691"; "$27.00+/hr"
"Sales Audit - 19694"; "Toronto"; ""; "http://jobs.lannickgroup.com//jobs/Sales-Audit-19694"; "$40.00/hr"
"Fraud Detection Analyst - 3 Month Contract - 19695"; "Toronto"; ""; "http://jobs.lannickgroup.com//jobs/Fraud-Detection-Analyst-Month-Contract-19695"; "$22.00/hr"
"AP/AR Coordinator - 6 Month Contract - 19697"; "Burlington"; ""; "http://jobs.lannickgroup.com//jobs/AP-AR-Coordinator-Month-Contract-19697"; "$21.00/hr"
"Senior Financial Analyst, Financial Reporting - 19698"; "Toronto"; ""; "http://jobs.lannickgroup.com//jobs/Senior-Financial-Analyst-Financial-Reporting-19698"; "$90,000.00/yr"
"Manager, Treasury and Corporate Finance - 19699"; "Toronto"; ""; "http://jobs.lannickgroup.com//jobs/Manager-Treasury-and-Corporate-Finance-19699"; "$115,000.00/yr"
"Reconciliations Specialist - 1 Month Contract - 19700"; "Markham"; ""; "http://jobs.lannickgroup.com//jobs/Reconciliations-Specialist-Month-Contract-19700"; "$25.00/hr"
"Business Analyst - 3 Month Contract - 19701"; "Mississauga,"; ""; "http://jobs.lannickgroup.com//jobs/Business-Analyst-Month-Contract-19701"; "$35.00+/hr"
"Part-Time Property Accountant - 6 Month Contract - 19702"; "North York"; ""; "http://jobs.lannickgroup.com//jobs/Part-Time-Property-Accountant-Month-Contract-19702"; "$26.00/hr"
"Part Time Payroll Manager - 3 Month Contract - 19704"; "Mississauga"; ""; "http://jobs.lannickgroup.com//jobs/Part-Time-Payroll-Manager-Month-Contract-19704"; "$30.00/hr"
"Accounting and Payroll Specialist - 3 Month Contract - 19706"; "Toronto"; ""; "http://jobs.lannickgroup.com//jobs/Accounting-and-Payroll-Specialist-Month-Contract-19706"; "$28.00/hr"
"Assistant Controller - 19683"; "Oakville"; ""; "http://jobs.lannickgroup.com//jobs/Assistant-Controller-19683"; "$80,000.00/yr"
"Finance - Operations Specialist - 19684"; "Toronto"; ""; "http://jobs.lannickgroup.com//jobs/Finance-Operations-Specialist-19684"; "$45.00/hr"
"Credit and Collections Coordinator - 19686"; "Etobicoke"; ""; "http://jobs.lannickgroup.com//jobs/Credit-and-Collections-Coordinator-19686"; "$57,000.00/yr"
"Investment Associate - 3 Month Contract - 19687"; "Mississauga"; ""; "http://jobs.lannickgroup.com//jobs/Investment-Associate-Month-Contract-19687"; "$15.00/hr"
"Senior Manager, Investor Operations - 19545"; "Toronto"; ""; "http://jobs.lannickgroup.com//jobs/Senior-Manager-Investor-Operations-19545"; "$130,000.00/yr"
"Manager, Process and Internal Controls - 12 Month Contract - 19669"; "Toronto"; ""; "http://jobs.lannickgroup.com//jobs/Manager-Process-and-Internal-Controls-Month-Contract-19669"; "$90,000.00/yr"
"Financial Analyst - 5 Month Contract - 19672"; "Toronto"; ""; "http://jobs.lannickgroup.com//jobs/Financial-Analyst-Month-Contract-19672"; ""
"Billing Coordinator - 3 Month Contract - 19679"; "Markham"; ""; "http://jobs.lannickgroup.com//jobs/Billing-Coordinator-Month-Contract-19679"; "$17.00/hr"
"Financial Analyst - Technical Reporting - 19650"; "Toronto"; ""; "http://jobs.lannickgroup.com//jobs/Financial-Analyst-Technical-Reporting-19650"; "$75,000.00/yr"
"Bilingual Loan Collector - 18 Month Contract - 19653"; "Mississauga"; ""; "http://jobs.lannickgroup.com//jobs/Bilingual-Loan-Collector-Month-Contract-19653"; "$18.00/hr"
"Senior Consultant - 3 Month Contract - 19654"; "Toronto"; ""; "http://jobs.lannickgroup.com//jobs/Senior-Consultant-Month-Contract-19654"; ""
"Payroll Administrator - 3 Month Contract - 19655"; "Mississauga"; ""; "http://jobs.lannickgroup.com//jobs/Payroll-Administrator-Month-Contract-19655"; "$22.00/hr"
"Accounts Payable Clerk - 3 Week Contract - 19658"; "Toronto"; ""; "http://jobs.lannickgroup.com//jobs/Accounts-Payable-Clerk-Week-Contract-19658"; "$16.00/hr"
"Accounts Receivable Administrator - 6 Month Contract - 19664"; "Scarborough"; ""; "http://jobs.lannickgroup.com//jobs/Accounts-Receivable-Administrator-Month-Contract-19664"; "$24.00/hr"
"Invoicing Specialist - 6 Month Contract - 19665"; "Scarborough"; ""; "http://jobs.lannickgroup.com//jobs/Invoicing-Specialist-Month-Contract-19665"; "$20.00/hr"
"Load Forecasting Analyst - 17040"; "Mississauga"; ""; "http://jobs.lannickgroup.com//jobs/Load-Forecasting-Analyst-17040"; "$35.00+/hr"
"Analyst, Global Asset Liability Management – 6 Months - 19290"; "Toronto"; ""; "http://jobs.lannickgroup.com//jobs/Analyst-Global-Asset-Liability-Management-Months-19290"; "$27.00/hr"
"Analyst (Tax focused) - 19559"; "Toronto"; ""; "http://jobs.lannickgroup.com//jobs/Analyst-Tax-focused-19559"; "$100,000.00/yr"
"Manager, Indirect Tax - 19566"; "Toronto"; ""; "http://jobs.lannickgroup.com//jobs/Manager-Indirect-Tax-19566"; "$115,000.00/yr"
"Senior Accountant - 19621"; "Brampton"; ""; "http://jobs.lannickgroup.com//jobs/Senior-Accountant-19621"; "$80,000.00/yr"
"Senior Commodity Tax Analyst - 12 Month Contract - 19623"; "Toronto"; ""; "http://jobs.lannickgroup.com//jobs/Senior-Commodity-Tax-Analyst-Month-Contract-19623"; "$40.00+/hr"
"IT Technical Analyst - Help Desk II -19639"; "Concord"; ""; "http://jobs.lannickgroup.com//jobs/IT-Technical-Analyst-Help-Desk-II-19639"; "$65,000.00/yr"
"Credit and Collections Specialist - 19643"; "Mississauga"; ""; "http://jobs.lannickgroup.com//jobs/Credit-and-Collections-Specialist-19643"; "$50,000.00/yr"
"Pay & Benefits Specialist - 6 Month Contract - 19646"; "Mississauga"; ""; "http://jobs.lannickgroup.com//jobs/Pay-Benefits-Specialist-Month-Contract-19646"; "$28.00/hr"
"Bilingual Pay & Benefits Specialist - 6 Month Contract - 19647"; "Mississauga"; ""; "http://jobs.lannickgroup.com//jobs/Bilingual-Pay-Benefits-Specialist-Month-Contract-19647"; "$28.00/hr"
"Accounting Assistant - 5 Month Contract - 19648"; "Toronto"; ""; "http://jobs.lannickgroup.com//jobs/Accounting-Assistant-Month-Contract-19648"; "$19.00/hr"
"Accounts Payable Accountant - 5 Week Contract - 19516"; "Toronto"; ""; "http://jobs.lannickgroup.com//jobs/Accounts-Payable-Accountant-Week-Contract-19516"; "$24.00/hr"
"Senior Financial Analyst - 19486"; "Toronto"; ""; "http://jobs.lannickgroup.com//jobs/Senior-Financial-Analyst-19486"; "$80,000.00/yr"
"Client Success Analyst - 19435"; "Richmond Hill"; ""; "http://jobs.lannickgroup.com//jobs/Client-Success-Analyst-19435"; "$50,000.00/yr"
"Accounting Manager - 19636"; "Toronto"; ""; "http://jobs.lannickgroup.com//jobs/Accounting-Manager-19636"; "$85,000.00/yr"
"Senior Accountant - 19637"; "Toronto"; ""; "http://jobs.lannickgroup.com//jobs/Senior-Accountant-19637"; "$80,000.00/yr"
"Senior Financial Analyst - 19619"; "Toronto"; ""; "http://jobs.lannickgroup.com//jobs/Senior-Financial-Analyst-19619"; "$80,000.00/yr"
"Financial Reporting Analyst - 19624"; "Markham"; ""; "http://jobs.lannickgroup.com//jobs/Financial-Reporting-Analyst-19624"; "$70,000.00/yr"
"Bilingual Accounts Receivable Supervisor - 6 Month Contract - 19610"; "Mississauga"; ""; "http://jobs.lannickgroup.com//jobs/Bilingual-Accounts-Receivable-Supervisor-Month-Contract-19610"; "$40.00/hr"
"Accounting Firm Manager - 19082"; "Concord"; ""; "http://jobs.lannickgroup.com//jobs/Accounting-Firm-Manager-19082"; "$95,000.00/yr"
"Junior Accountant - 19614"; "Aurora"; ""; "http://jobs.lannickgroup.com//jobs/Junior-Accountant-19614"; "$35,000.00/yr"
"Senior Staff Accountant - 19616"; "Orangeville"; ""; "http://jobs.lannickgroup.com//jobs/Senior-Staff-Accountant-19616"; "$75,000.00/yr"
"Manager - 19617"; "Orangeville"; ""; "http://jobs.lannickgroup.com//jobs/Manager-19617"; "$120,000.00/yr"
"Financial Analyst - 19592"; "Concord"; ""; "http://jobs.lannickgroup.com//jobs/Financial-Analyst-19592"; "$85,000.00/yr"
"Accounts Payable Coordinator - 19605"; "Toronto"; ""; "http://jobs.lannickgroup.com//jobs/Accounts-Payable-Coordinator-19605"; "$45,000.00/yr"
"Data Entry Clerk - 3 Month Contract - 19606"; "Mississauga"; ""; "http://jobs.lannickgroup.com//jobs/Data-Entry-Clerk-Month-Contract-19606"; "$18.00/hr"
"Interim Finance Manager - 3 Month Contract - 19597"; "Toronto"; ""; "http://jobs.lannickgroup.com//jobs/Interim-Finance-Manager-Month-Contract-19597"; ""
"Property Accountant - 3 Month Contract - 19600"; "Toronto"; ""; "http://jobs.lannickgroup.com//jobs/Property-Accountant-Month-Contract-19600"; "$23.00/hr"
"Financial Accountant - 19582"; "Toronto"; ""; "http://jobs.lannickgroup.com//jobs/Financial-Accountant-19582"; "$75,000.00/yr"
"Director of Internal Audit - 19574"; "Newmarket"; ""; "http://jobs.lannickgroup.com//jobs/Director-of-Internal-Audit-19574"; "$130,000.00/yr"
"Head of Treasury & Investments - 12 Month Contract - 19580"; "North York"; ""; "http://jobs.lannickgroup.com//jobs/Head-of-Treasury-Investments-Month-Contract-19580"; "$120,000.00/yr"
"Vice President Taxation - 19564"; "Toronto"; ""; "http://jobs.lannickgroup.com//jobs/Vice-President-Taxation-19564"; "$160,000.00/yr"
"Senior Business Analyst - 19581"; "Toronto"; ""; "http://jobs.lannickgroup.com//jobs/Senior-Business-Analyst-19581"; "$40.00+/hr"
"Real Estate Operations Analyst – 6 Month Contract - 19584"; "Toronto"; ""; "http://jobs.lannickgroup.com//jobs/Real-Estate-Operations-Analyst-Month-Contract-19584"; "$24.00/hr"
"Investigation Analyst – 6 Month Contract - 19587"; "Toronto"; ""; "http://jobs.lannickgroup.com//jobs/Investigation-Analyst-Month-Contract-19587"; "$16.00/hr"
"Accounting Analyst - 19573"; "Oakville"; ""; "http://jobs.lannickgroup.com//jobs/Accounting-Analyst-19573"; "$45,000.00/yr"
"Financial Reporting Consultant - 3 Month Contract - 19563"; "Toronto"; ""; "http://jobs.lannickgroup.com//jobs/Financial-Reporting-Consultant-Month-Contract-19563"; "$40.00+/hr"
"Senior Financial Analyst - 19556"; "Mississauga"; ""; "http://jobs.lannickgroup.com//jobs/Senior-Financial-Analyst-19556"; ""
"Billing Representative - 12 Month Contract - 19551"; "Mississauga"; ""; "http://jobs.lannickgroup.com//jobs/Billing-Representative-Month-Contract-19551"; "$16.64/hr"
"Senior Financial Analyst, Operations - 19533"; "Brampton"; ""; "http://jobs.lannickgroup.com//jobs/Senior-Financial-Analyst-Operations-19553"; "$80,000.00/yr"
"Bookkeeper - 19554"; "Toronto"; ""; "http://jobs.lannickgroup.com//jobs/Bookkeeper-19554"; "$45,000.00/yr"
"Project Control Officer/Coordinator - 19540"; "Toronto"; ""; "http://jobs.lannickgroup.com//jobs/Project-Control-Officer-Coordinator-19540"; ""
"Senior Accountant - 19543"; "Downsview"; ""; "http://jobs.lannickgroup.com//jobs/Senior-Accountant-19543"; ""
"Senior Financial Analyst - 19544"; "Mississauga"; ""; "http://jobs.lannickgroup.com//jobs/Senior-Financial-Analyst-19544"; ""
"Controls Analyst - 19536"; "Toronto"; ""; "http://jobs.lannickgroup.com//jobs/Controls-Analyst-19536"; "$38.00+/hr"
"Corporate Accountant - 19537"; "Toronto"; ""; "http://jobs.lannickgroup.com//jobs/Corporate-Accountant-19537"; "$75,000.00/yr"
"Collections/AR Specialist - 19538"; "North York"; ""; "http://jobs.lannickgroup.com//jobs/Collections-AR-Specialist-19538"; "$50,000.00/yr"
"Senior Hadoop Administrator - 6 Month Contract - 19447"; "Toronto"; ""; "http://jobs.lannickgroup.com//jobs/Senior-Hadoop-Administrator-Month-Contract-19447"; ""
"Manager of Internal Audit - 19499"; "Vaughan"; ""; "http://jobs.lannickgroup.com//jobs/Manager-of-Internal-Audit-19499"; "$120,000.00/yr"
"Manager of Finance - 19522"; "Toronto"; ""; "http://jobs.lannickgroup.com//jobs/Manager-of-Finance-19522"; "$55.00/hr"
"Financial Analyst – 18 Month Contract - 19523"; "Toronto"; ""; "http://jobs.lannickgroup.com//jobs/Financial-Analyst-Month-Contract-19523"; "$40.00/hr"
"Tax Technician - 19527"; "North York"; ""; "http://jobs.lannickgroup.com//jobs/Tax-Technician-19527"; "$70,000.00/yr"
"Analyst, Procurement & Fleet Management - 3-6 months, potential for perm - 19531"; "North York"; ""; "http://jobs.lannickgroup.com//jobs/Analyst-Procurement-Fleet-Management-months-potential-for-perm-19531"; "$30.00/hr"
"VP, Corporate Audit Services - 18035"; "Toronto"; ""; "http://jobs.lannickgroup.com//jobs/VP-Corporate-Audit-Services-18035"; "$250,000.00/yr"
"Senior Process Analyst - 19506"; "Toronto"; ""; "http://jobs.lannickgroup.com//jobs/Senior-Process-Analyst-19506"; ""
"Software Developer - 3~6 month contract - 19509"; "Toronto"; ""; "http://jobs.lannickgroup.com//jobs/Software-Developer-month-contract-19509"; ""
"Senior Financial Analyst FP&A - 19510"; "Toronto"; ""; "http://jobs.lannickgroup.com//jobs/Senior-Financial-Analyst-FP-A-19510"; "$40.00/hr"
"Servicing Analyst – 6 Month Contract - 19513"; "Toronto"; ""; "http://jobs.lannickgroup.com//jobs/Servicing-Analyst-Month-Contract-19513"; "$18.00/hr"
"Team Lead, Finance - 19515"; "Markham"; ""; "http://jobs.lannickgroup.com//jobs/Team-Lead-Finance-19515"; "$80,000.00/yr"
"Senior Consultant -ERP System Functional Lead - 19478"; "Mississauga"; ""; "http://jobs.lannickgroup.com//jobs/Senior-Consultant-ERP-System-Functional-Lead-19478"; "$60.00+/hr"
"Sr. .Net Developer - 2 week contract - 19450"; "Toronto"; ""; "http://jobs.lannickgroup.com//jobs/Sr-Net-Developer-week-contract-19450"; ""
"Accounts Payable Supervisor - 19503"; "Etobicoke"; ""; "http://jobs.lannickgroup.com//jobs/Accounts-Payable-Supervisor-19503"; "$75,000.00/yr"
"Servicing Analyst – 5 Month Contract - 19498"; "Toronto"; ""; "http://jobs.lannickgroup.com//jobs/Servicing-Analyst-Month-Contract-19498"; "$15.00/hr"
"Senior Accounting Manager - 19479"; "Toronto"; ""; "http://jobs.lannickgroup.com//jobs/Senior-Accounting-Manager-19479"; ""
"Lease/Real Estate Analyst - 19480"; "Toronto"; ""; "http://jobs.lannickgroup.com//jobs/Lease-Real-Estate-Analyst-19480"; "$40.00+/hr"
"Senior Financial Analyst - 19481"; "Toronto"; ""; "http://jobs.lannickgroup.com//jobs/Senior-Financial-Analyst-19481"; "$80,000.00/yr"
"Senior Manager, Finance - 19482"; "Kitchener"; ""; "http://jobs.lannickgroup.com//jobs/Senior-Manager-Finance-19482"; "$120,000.00/yr"
"SpotFire Consultant - 19477"; "Toronto"; ""; "http://jobs.lannickgroup.com//jobs/SpotFire-Consultant-19477"; ""
"Finance Manager - 19468"; "Toronto"; ""; "http://jobs.lannickgroup.com//jobs/Finance-Manager-19468"; "$100,000.00/yr"
"Manager of Finance - 18570"; "Toronto"; ""; "http://jobs.lannickgroup.com//jobs/Manager-of-Finance-18570"; "$120,000.00/yr"
"Senior Tax Consultant - 19041"; "Toronto"; ""; "http://jobs.lannickgroup.com//jobs/Senior-Tax-Consultant-19041"; "$95,000.00/yr"
"Collections Supervisor - 18949"; "Mississauga"; ""; "http://jobs.lannickgroup.com//jobs/Collections-Supervisor-18949"; "$60,000.00/yr"
"Property Accountant - 6 Month Contract - 18995"; "Toronto"; ""; "http://jobs.lannickgroup.com//jobs/Property-Accountant-Month-Contract-18995"; "$25.00+/hr"
"Payroll, Pension and Benefits Specialist – 6 months - 19369"; "Mississauga"; ""; "http://jobs.lannickgroup.com//jobs/Payroll-Pension-and-Benefits-Specialist-months-19369"; "$30.00/hr"
"Conversion Specialist - 19407"; "Toronto"; ""; "http://jobs.lannickgroup.com//jobs/Conversion-Specialist-19407"; ""
"MS Dynamics GP Specialist - 19085"; "Mississauga"; ""; "http://jobs.lannickgroup.com//jobs/MS-Dynamics-GP-Specialist-19085"; "$72,000.00/yr"
"Full Stack Java Developer - 18718"; "Toronto"; ""; "http://jobs.lannickgroup.com//jobs/Full-Stack-Java-Developer-18718"; "$105,000.00/yr"
"Accounting Manager - 19470"; "Toronto"; ""; "http://jobs.lannickgroup.com//jobs/Accounting-Manager-19470"; "$105,000.00/yr"
"Credit Risk Review Analyst – 6 Month Contract - 19471"; "Toronto"; ""; "http://jobs.lannickgroup.com//jobs/Credit-Risk-Review-Analyst-Month-Contract-19471"; "$24.00/hr"
"Staff Accountant - 19472"; "Markham"; ""; "http://jobs.lannickgroup.com//jobs/Staff-Accountant-19472"; "$60,000.00/yr"
"Intermediate Accountant - 19474"; "Markham"; ""; "http://jobs.lannickgroup.com//jobs/Intermediate-Accountant-19474"; "$85,000.00/yr"
"Finance Coordinator - 19476"; "Mississauga"; ""; "http://jobs.lannickgroup.com//jobs/Finance-Coordinator-19476"; "$45,000.00/yr"
"Senior Wordpress/LAMP Developer (CTO) - 19439"; "Toronto"; ""; "http://jobs.lannickgroup.com//jobs/Senior-Wordpress-LAMP-Developer-CTO-19439"; "$90,000.00/yr"
"Manager, Financial Reporting - 19456"; "Toronto"; ""; "http://jobs.lannickgroup.com//jobs/Manager-Financial-Reporting-19456"; "$120,000.00/yr"
"Intermediate .NET Developer (Full Stack) - 19461"; "Markham"; ""; "http://jobs.lannickgroup.com//jobs/Intermediate-NET-Developer-Full-Stack-19461"; "$90,000.00/yr"
"Treasury Analyst - 19289"; "St. Catherines"; ""; "http://jobs.lannickgroup.com//jobs/Treasury-Analyst-19289"; "$40.00+/hr"
"Senior Financial Analyst - 19251"; "Newmarket"; ""; "http://jobs.lannickgroup.com//jobs/Senior-Financial-Analyst-19251"; "$80,000.00/yr"
"Senior Bilingual Project Manager - 19410"; "Montreal"; ""; "http://jobs.lannickgroup.com//jobs/Senior-Bilingual-Project-Manager-19410"; ""
"Senior Financial Analyst - 19432"; "Toronto"; ""; "http://jobs.lannickgroup.com//jobs/Senior-Financial-Analyst-19432"; "$35.00/hr"
"General Accountant - 19421"; "Mississauga"; ""; "http://jobs.lannickgroup.com//jobs/General-Accountant-19421"; "$85,000.00/yr"
"Senior Accountant - 19427"; "Mississauga"; ""; "http://jobs.lannickgroup.com//jobs/Senior-Accountant-19427"; "$30.00+/hr"
"Senior Accountant - 19428"; "Toronto"; ""; "http://jobs.lannickgroup.com//jobs/Senior-Accountant-19428"; "$80,000.00/yr"
"Tax Administrator - 5 Month Contract - 19429"; "Waterloo"; ""; "http://jobs.lannickgroup.com//jobs/Tax-Administrator-Month-Contract-19429"; "$15.00/hr"
"Senior Financial Analyst - 19415"; "Mississauga"; ""; "http://jobs.lannickgroup.com//jobs/Senior-Financial-Analyst-19415"; "$85,000.00/yr"
"Senior Internal Auditor - 19384"; "Toronto"; ""; "http://jobs.lannickgroup.com//jobs/Senior-Internal-Auditor-19384"; "$104,000.00/yr"
"Senior Real Estate Analyst - 19328"; "Toronto"; ""; "http://jobs.lannickgroup.com//jobs/Senior-Real-Estate-Analyst-19328"; "$85,000.00/yr"
"Manager of Financial Reporting - 19335"; "Toronto"; ""; "http://jobs.lannickgroup.com//jobs/Manager-of-Financial-Reporting-19335"; "$100,000.00/yr"
"Business Consultant, IFRS Implementation - 19403"; "Toronto"; ""; "http://jobs.lannickgroup.com//jobs/Business-Consultant-IFRS-Implementation-19403"; ""
"Financial Controller - 19420"; "Toronto"; ""; "http://jobs.lannickgroup.com//jobs/Financial-Controller-19420"; "$160,000.00/yr"
"Consultant - Process Improvement - 19411"; "Toronto"; ""; "http://jobs.lannickgroup.com//jobs/Consultant-Process-Improvement-19411"; "$40.00+/hr"
"Finance Manager - 19400"; "Mississauga"; ""; "http://jobs.lannickgroup.com//jobs/Finance-Manager-19400"; "$110,000.00/yr"
"Manager of Finance - 18472"; "Toronto"; ""; "http://jobs.lannickgroup.com//jobs/Manager-of-Finance-18472"; "$115,000.00/yr"
"Vault Associate - 6 Month Contract - 19058"; "Toronto"; ""; "http://jobs.lannickgroup.com//jobs/Vault-Associate-Month-Contract-19058"; "$14.00/hr"
"Manager"; "Toronto"; ""; "http://jobs.lannickgroup.com//jobs/Manager-17897"; "$110,000.00/yr"
"International Payroll Team Lead - 6 months - 19381"; "Mississauga"; ""; "http://jobs.lannickgroup.com//jobs/International-Payroll-Team-Lead-months-19381"; "$45.00/hr"
"Senior Property Accountant - 19170"; "Toronto"; ""; "http://jobs.lannickgroup.com//jobs/Senior-Property-Accountant-19170"; "$75,000.00/yr"
"Senior Financial Reporting Analyst - IFRS - 19191"; "Toronto"; ""; "http://jobs.lannickgroup.com//jobs/Senior-Financial-Reporting-Analyst-IFRS-19191"; "$85,000.00/yr"
"Assistant Executive Director - 19373"; "Hamilton"; ""; "http://jobs.lannickgroup.com//jobs/Assistant-Executive-Director-19373"; "$120,000.00/yr"
"Assistant Controller - 19374"; "Markham"; ""; "http://jobs.lannickgroup.com//jobs/Assistant-Controller-19374"; "$90,000.00/yr"
"SEO & Web Content Manager - 3 Month Contract - 19375"; "Toronto"; ""; "http://jobs.lannickgroup.com//jobs/SEO-Web-Content-Manager-Month-Contract-19375"; ""
"Senior Tax Manager - 19360"; "Oakville"; ""; "http://jobs.lannickgroup.com//jobs/Senior-Tax-Manager-19360"; "$175,000.00/yr"
"Load Forecasting Analyst - 19323"; "Mississauga"; ""; "http://jobs.lannickgroup.com//jobs/Load-Forecasting-Analyst-19323"; "$40.00+/hr"
"Junior Operations Analyst – 12 Month Contract - 19352"; "Toronto"; ""; "http://jobs.lannickgroup.com//jobs/Junior-Operations-Analyst-Month-Contract-19352"; "$15.00/hr"
"Accounting Clerk - 18814"; "Etobicoke"; ""; "http://jobs.lannickgroup.com//jobs/Accounting-Clerk-18814"; "$40,000.00/yr"
"Senior Financial Analyst - 19345"; "Markham"; ""; "http://jobs.lannickgroup.com//jobs/Senior-Financial-Analyst-19345"; "$80,000.00/yr"
"Purchasing Assistant - 1 year+ - 19056"; "Toronto"; ""; "http://jobs.lannickgroup.com//jobs/Purchasing-Assistant-year-19056"; "$19.00/hr"
"Controller - 19015"; "Toronto"; ""; "http://jobs.lannickgroup.com//jobs/Controller-19015"; "$125,000.00/yr"
"Senior Financial Analyst - 19023"; "Toronto"; ""; "http://jobs.lannickgroup.com//jobs/Senior-Financial-Analyst-19023"; "$85,000.00/yr"
"Controller - 19000"; "Mississauga"; ""; "http://jobs.lannickgroup.com//jobs/Controller-19000"; "$110,000.00/yr"
"Senior Staff Accountant - 18922"; "Toronto"; ""; "http://jobs.lannickgroup.com//jobs/Senior-Staff-Accountant-18922"; "$80,000.00/yr"
"IT Audit Consultant - 19326"; "Toronto"; ""; "http://jobs.lannickgroup.com//jobs/IT-Audit-Consultant-19326"; "$45.00+/hr"
"Manager, Sales Operations - 19270"; "Mississauga"; ""; "http://jobs.lannickgroup.com//jobs/Manager-Sales-Operations-19270"; "$70,000.00/yr"
"Chief Data Scientist (Director) - 19283"; "Toronto"; ""; "http://jobs.lannickgroup.com//jobs/Chief-Data-Scientist-Director-19283"; "$220,000.00/yr"
"Senior Internal Auditor - 18927"; "Toronto"; ""; "http://jobs.lannickgroup.com//jobs/Senior-Internal-Auditor-18927"; "$95,000.00/yr"
"Senior IT Security Analyst (OWASP, SDLC) - 18986"; "Oakville"; ""; "http://jobs.lannickgroup.com//jobs/Senior-IT-Security-Analyst-OWASP-SDLC-18986"; "$115,000.00/yr"
"Network Architect (Open Source, SDN) - 18940"; "Ajax"; ""; "http://jobs.lannickgroup.com//jobs/Network-Architect-Open-Source-SDN-18940"; "$100,000.00/yr"
"Tax Analyst - 5 Month Contract - 18780"; "Toronto"; ""; "http://jobs.lannickgroup.com//jobs/Tax-Analyst-Month-Contract-18780"; "$36.00/hr"
"Senior Tax Advisory Manager - 19292"; "Toronto"; ""; "http://jobs.lannickgroup.com//jobs/Senior-Tax-Advisory-Manager-19292"; "$130,000.00/yr"
"Financial Analyst - 19297"; "Kirkland Lake"; ""; "http://jobs.lannickgroup.com//jobs/Financial-Analyst-19297"; "$75,000.00/yr"
"Director of Finance - 19299"; "Mississauga"; ""; "http://jobs.lannickgroup.com//jobs/Director-of-Finance-19299"; "$60.00+/hr"
"Finance Manager - Customer Operations - 19255"; "Mississauga"; ""; "http://jobs.lannickgroup.com//jobs/Finance-Manager-Customer-Operations-19255"; ""
"Manager, Financial Reporting and Analysis - 18896"; "Toronto"; ""; "http://jobs.lannickgroup.com//jobs/Manager-Financial-Reporting-and-Analysis-18896"; "$90,000.00/yr"
"Corporate Controller - 19136"; "Shelburne"; ""; "http://jobs.lannickgroup.com//jobs/Corporate-Controller-19136"; "$135,000.00/yr"
"Financial Planning & Analysis Analyst - 19262"; "Shelburne"; ""; "http://jobs.lannickgroup.com//jobs/Financial-Planning-Analysis-Analyst-19262"; "$80,000.00/yr"
"Accountant - 19263"; "Shelburne"; ""; "http://jobs.lannickgroup.com//jobs/Accountant-19263"; "$70,000.00/yr"
"Accounting Analyst - 3 months - 19267"; "Toronto"; ""; "http://jobs.lannickgroup.com//jobs/Accounting-Analyst-months-19267"; "$26.00/hr"
"Manager, Analytics & Forecasting - 19238"; "Toronto"; ""; "http://jobs.lannickgroup.com//jobs/Manager-Analytics-Forecasting-19238"; "$110,000.00/yr"
"Accounts Payable Team Lead - 6 Month Contract"; "Mississauga"; ""; "http://jobs.lannickgroup.com//jobs/Accounts-Payable-Team-Lead-Month-Contract-19198"; "$26.00/hr"
"Tax Technician - 19124"; "North York"; ""; "http://jobs.lannickgroup.com//jobs/Tax-Technician-19124"; "$80,000.00/yr"
"Bilingual Solution Delivery Consultant - 4 Month Contract - 18934"; "Toronto"; ""; "http://jobs.lannickgroup.com//jobs/Bilingual-Solution-Delivery-Consultant-Month-Contract-18934"; "$20.00/hr"
"Director of Tax - 18891"; "Toronto"; ""; "http://jobs.lannickgroup.com//jobs/Director-of-Tax-18891"; "$160,000.00/yr"
"Public Accounting Firm Opportunities - 16644"; "Toronto"; ""; "http://jobs.lannickgroup.com//jobs/Public-Accounting-Firm-Opportunities-16644"; ""
"Senior Fund Accountant - 19002"; "Toronto"; ""; "http://jobs.lannickgroup.com//jobs/Senior-Fund-Accountant-19002"; ""
"Senior Analyst of Investor Relations - 19003"; "Toronto"; ""; "http://jobs.lannickgroup.com//jobs/Senior-Analyst-of-Investor-Relations-19003"; ""
"Manager of Fund Accounting - 19004"; "Toronto"; ""; "http://jobs.lannickgroup.com//jobs/Manager-of-Fund-Accounting-19004"; ""
"Supervisor, Fund Accounting - 19005"; "Toronto"; ""; "http://jobs.lannickgroup.com//jobs/Supervisor-Fund-Accounting-19005"; ""
"Vice President of Fund Accounting - 19006"; "Toronto"; ""; "http://jobs.lannickgroup.com//jobs/Vice-President-of-Fund-Accounting-19006"; ""
